ID,Agent,Attack Type,Status,Created,Duration
ab250e35-7e3b-4ab8-a083-cc7e7f199b5c,Unknown,Unknown,Unknown,2026-03-20 09:01:13.725282+00:00,N/A
6335064b-aa9d-477f-bf29-b433559fc1f9,Unknown,Unknown,Unknown,2026-03-20 08:56:35.828426+00:00,N/A
bcc23ceb-be35-4bcd-a9e6-d91d8100090b,Unknown,Unknown,Unknown,2026-03-20 08:39:46.502848+00:00,N/A
e9247992-5761-4b2b-9dd6-079dde0ed5fb,Unknown,Unknown,Unknown,2026-03-20 08:39:20.561941+00:00,N/A
85db09db-b47d-4442-ab65-69f9d90c4619,Unknown,Unknown,Unknown,2026-03-20 08:27:55.118491+00:00,N/A
61ccc2ed-f626-4f9f-a58d-6cb9c7a3c1ae,Unknown,Unknown,Unknown,2026-03-20 08:27:12.365747+00:00,N/A
055e63bc-9fdd-462b-a4cc-51dae31b41f8,Unknown,Unknown,Unknown,2026-03-19 15:54:15.126539+00:00,N/A
74e84c66-f39d-40f8-a31e-abdacb99586a,Unknown,Unknown,Unknown,2026-03-19 13:43:24.245131+00:00,N/A
6cbea2c9-75fb-44c1-9342-8cc1de3b8ce8,Unknown,Unknown,Unknown,2026-03-19 13:42:43.018932+00:00,N/A
537c75ad-d5b0-4da4-968f-6ed656a4d3fe,Unknown,Unknown,Unknown,2026-03-19 13:39:16.572505+00:00,N/A
00f0f7a8-c27a-44e4-91e6-6340d57de9fb,Unknown,Unknown,Unknown,2026-03-19 13:36:14.789089+00:00,N/A
f2f5988f-d9d3-451f-b324-9a79c5e2bcbf,Unknown,Unknown,Unknown,2026-03-19 13:36:03.220734+00:00,N/A
7c9ffd87-179b-458e-b3cf-8d6a698399cd,Unknown,Unknown,Unknown,2026-03-19 13:34:53.261904+00:00,N/A
fa13160f-37d7-40eb-899f-f5ed89bf5541,Unknown,Unknown,Unknown,2026-03-19 13:24:25.203919+00:00,N/A
201ee268-cd86-441c-8e13-4ac5f8f48da7,Unknown,Unknown,Unknown,2026-03-19 13:23:02.838233+00:00,N/A
7ae1078a-3ec9-4993-8ff6-b328a9fe330a,Unknown,Unknown,Unknown,2026-03-19 13:22:05.264623+00:00,N/A
68efa930-bb32-451c-b384-2a10ba1413c1,Unknown,Unknown,Unknown,2026-03-19 11:55:06.873651+00:00,N/A
567be006-a4b3-4300-89dd-4ff181078198,Unknown,Unknown,Unknown,2026-03-19 11:52:29.427863+00:00,N/A
2066c1a8-b5e5-4f07-902b-a0aee1da336e,Unknown,Unknown,Unknown,2026-03-19 11:50:02.574410+00:00,N/A
dff6d783-c219-4aed-97a9-e93bb49aad19,Unknown,Unknown,Unknown,2026-03-19 11:46:30.149651+00:00,N/A
5081fc59-b7b5-4ec7-88e9-38599ba2b656,Unknown,Unknown,Unknown,2026-03-19 11:46:05.086476+00:00,N/A
36c134c6-326c-417a-9766-707dabce33ff,Unknown,Unknown,Unknown,2026-03-19 11:41:28.622773+00:00,N/A
55096c31-ff6c-423a-9322-c0207e2e17eb,Unknown,Unknown,Unknown,2026-03-19 11:39:43.746737+00:00,N/A
64698269-2aa1-4ad1-9623-9e47ab73eacc,Unknown,Unknown,Unknown,2026-03-19 11:23:59.791251+00:00,N/A
6c7d403c-f901-46bd-b95b-c4752f3b3407,Unknown,Unknown,Unknown,2026-03-19 11:23:20.282383+00:00,N/A
